{"stat.flyOneCm":9744,"stat.useItem.minecraft.lapis_block":25,"stat.walkOneCm":18312,"stat.craftItem.minecraft.lapis_block":1,"stat.drop":23,"stat.jump":28,"stat.playOneMinute":40530,"stat.useItem.minecraft.experience_bottle":7,"achievement.openInventory":113,"stat.useItem.minecraft.flint_and_steel":1,"stat.leaveGame":1,"stat.useItem.minecraft.sponge":6,"stat.damageDealt":200,"stat.timeSinceDeath":40530,"stat.craftItem.minecraft.dye":9,"achievement.mineWood":1,"stat.useItem.minecraft.crafting_table":1,"stat.sprintOneCm":524,"achievement.exploreAllBiomes":{"value":0,"progress":["Plains"]},"stat.craftingTableInteraction":1,"stat.useItem.minecraft.netherrack":1}