{"stat.flyOneCm":26382,"stat.walkOneCm":22400,"stat.drop":16,"stat.jump":27,"stat.playOneMinute":6928,"achievement.openInventory":20,"stat.killEntity.Sheep":2,"stat.killEntity.Chicken":5,"stat.leaveGame":2,"stat.killEntity.Slime":2,"stat.damageDealt":1577,"stat.killEntity.Rabbit":1,"stat.crouchOneCm":3,"stat.timeSinceDeath":6928,"stat.killEntity.Cow":6,"stat.useItem.minecraft.crafting_table":1,"stat.sprintOneCm":334,"stat.mobKills":16,"achievement.exploreAllBiomes":{"value":0,"progress":["Plains"]},"stat.craftingTableInteraction":1}