{"stat.flyOneCm":30030,"stat.walkOneCm":22095,"stat.drop":41,"stat.jump":35,"stat.playOneMinute":16914,"achievement.openInventory":91,"stat.useItem.minecraft.stone":35,"stat.killEntity.Sheep":1,"stat.leaveGame":1,"stat.damageDealt":110,"stat.crouchOneCm":4,"stat.timeSinceDeath":16914,"stat.sprintOneCm":8479,"stat.mobKills":1,"stat.useItem.minecraft.spawn_egg":2,"achievement.exploreAllBiomes":{"value":0,"progress":["Plains"]},"stat.useItem.minecraft.diamond_sword":1,"stat.useItem.minecraft.potion":1}