{"stat.useItem.minecraft.bow":35,"stat.flyOneCm":48252,"stat.walkOneCm":22588,"stat.drop":1,"stat.jump":48,"stat.swimOneCm":582,"stat.playOneMinute":15674,"achievement.openInventory":30,"stat.killEntity.Sheep":3,"stat.killEntity.Chicken":1,"stat.leaveGame":1,"stat.damageDealt":160,"stat.useItem.minecraft.wool":27,"stat.timeSinceDeath":15674,"stat.killEntity.Guardian":2,"stat.killEntity.Squid":1,"stat.killEntity.Cow":4,"stat.mobKills":11,"stat.useItem.minecraft.spawn_egg":40,"achievement.exploreAllBiomes":{"value":0,"progress":["Plains"]}}